{
  "generated_at": "2026-06-13T07:46:07",
  "n_bootstrap": 200,
  "seed": 20260613,
  "n_train_matches": 10555,
  "method": "Residual bootstrap (fixed rolling-Elo features, resample match indices)",
  "limitation": "Elo diffs treated as fixed \u2014 does not capture uncertainty from rolling Elo hyperparameters (K-factor, home advantage). Full joint bootstrap ~30min, not run.",
  "full_dataset_fit": {
    "log_base": 0.226934,
    "beta_elo": 0.988351,
    "rho": -0.021007,
    "nll": 3.047414
  },
  "bootstrap_results": {
    "beta_elo": {
      "mean": 0.9866,
      "std": 0.0138,
      "ci_95_lo": 0.9592,
      "ci_95_hi": 1.0127,
      "all_samples": [
        0.9596,
        0.9657,
        0.9791,
        0.9857,
        0.9867,
        1.0114,
        0.9848,
        0.995,
        0.9883,
        0.9931,
        0.9931,
        0.9906,
        0.9723,
        0.9955,
        0.9919,
        1.0009,
        0.9985,
        0.9962,
        1.0158,
        0.9828,
        0.9978,
        1.0139,
        0.983,
        0.9797,
        0.9981,
        0.9874,
        0.9905,
        0.9789,
        1.0025,
        0.9868,
        0.9985,
        0.9691,
        0.994,
        0.9902,
        0.992,
        1.0028,
        1.0039,
        0.9935,
        0.9843,
        0.9839,
        0.9773,
        0.9856,
        0.9816,
        0.9626,
        0.9919,
        1.0091,
        0.9874,
        0.9869,
        0.9926,
        0.9737,
        0.9999,
        0.9791,
        0.9989,
        0.995,
        0.9906,
        0.9523,
        0.9903,
        0.9925,
        1.0052,
        0.9858,
        0.9963,
        1.0123,
        0.9945,
        0.9882,
        1.0013,
        0.9879,
        0.9855,
        0.9878,
        0.9881,
        0.9729,
        0.9832,
        1.0092,
        0.9881,
        1.0089,
        0.9759,
        0.996,
        0.991,
        0.9832,
        0.9894,
        1.0052,
        0.987,
        0.9701,
        0.9622,
        0.9666,
        1.0025,
        0.9724,
        0.973,
        0.9937,
        0.9935,
        0.9927,
        0.9804,
        0.9755,
        0.9863,
        0.9769,
        0.9978,
        0.997,
        0.9689,
        0.9807,
        0.9691,
        0.9749,
        0.9985,
        0.9958,
        0.9896,
        0.9869,
        0.9752,
        0.9734,
        1.0025,
        0.961,
        0.9723,
        0.9911,
        0.9812,
        0.9984,
        0.9681,
        0.9715,
        1.0024,
        0.9756,
        0.9809,
        0.9921,
        0.9858,
        0.9866,
        0.9561,
        0.9974,
        1.0153,
        0.9563,
        0.9717,
        0.9968,
        0.974,
        0.9824,
        0.977,
        0.9997,
        0.986,
        1.0084,
        0.9926,
        0.9881,
        0.9734,
        0.9802,
        0.9807,
        0.9682,
        0.9925,
        0.9567,
        0.9751,
        1.0029,
        0.9933,
        0.977,
        0.9749,
        0.9985,
        0.9749,
        0.9981,
        1.0176,
        0.9942,
        0.9653,
        0.9726,
        0.9682,
        0.9877,
        0.9857,
        0.9928,
        0.9727,
        0.9592,
        0.9801,
        0.9687,
        0.9781,
        0.9864,
        0.9914,
        0.9725,
        0.9995,
        1.0098,
        0.969,
        0.9534,
        0.9998,
        0.9722,
        0.9845,
        1.0094,
        0.9956,
        1.0033,
        0.9965,
        0.9652,
        0.9705,
        0.9983,
        0.9919,
        0.972,
        0.9638,
        0.9986,
        0.9944,
        0.9898,
        0.9613,
        0.9754,
        1.0135,
        0.9729,
        1.0035,
        0.9715,
        1.0127,
        0.9753,
        1.0104,
        0.9874,
        0.994,
        0.9837,
        0.9907,
        0.9934,
        1.0014,
        0.9898
      ]
    },
    "log_base": {
      "mean": 0.2271,
      "std": 0.0066,
      "ci_95_lo": 0.2151,
      "ci_95_hi": 0.2387
    },
    "rho": {
      "mean": -0.0213,
      "std": 0.0125,
      "ci_95_lo": -0.0482,
      "ci_95_hi": 0.0028
    }
  },
  "stability_assessment": "STABLE",
  "ci_width_pct": 5.4,
  "elapsed_seconds": 4.4,
  "temperature_correction": {
    "temperature_mul": 0.55,
    "rationale": "Heuristic softening \u2014 raw MLE beta is too spiky for multi-team tournament (overconfident)",
    "validation_status": "NOT externally validated \u2014 no held-out calibration test performed",
    "production_beta": 0.543593,
    "production_beta_ci_95": {
      "lo": 0.5276,
      "hi": 0.557
    },
    "note": "CI above is for raw MLE beta. Production CI is obtained by multiplying by temperature_mul. The temperature_mul=0.55 itself has no CI \u2014 it was set by heuristic, not optimized on held-out data."
  },
  "key_finding": "Raw MLE beta_elo = 0.9884 (confirmed, matches model_freeze_manifest.json original_beta_elo=0.988351). Production beta = 0.543593 = raw \u00d7 0.55 temperature. Bootstrap 95% CI for raw beta: [0.9592, 1.0127]. Parameter uncertainty is SMALL (5.4% CI width). Main model uncertainty is the unvalidated temperature correction (0.55)."
}