{
  "counts": {
    "usable_1x2": 128,
    "matched_full_production": 128
  },
  "full_production_reproducible": true,
  "by_segment": {
    "2018": {
      "n": 64,
      "full_production": {
        "rps": 0.2368164791543679,
        "nll": 1.059054014442494,
        "brier": 0.6394915683408555,
        "acc": 0.484375,
        "ece": 0.08670291471518896
      },
      "dc_only": {
        "rps": 0.23579779805552023,
        "nll": 1.0566874762711491,
        "brier": 0.6378300894972777,
        "acc": 0.46875,
        "ece": 0.04633426966481252
      },
      "market": {
        "rps": 0.19670703266198097,
        "nll": 0.9418465605537785,
        "brier": 0.557257601578199,
        "acc": 0.5625,
        "ece": 0.047281408103170004
      },
      "market_minus_prod": {
        "rps": [
          -0.04010944649238694,
          -0.07206269118303901,
          -0.00783710152915788
        ],
        "nll": [
          -0.11720745388871573,
          -0.21552010078786576,
          -0.013961319441461447
        ],
        "rps_beyond_noise": true,
        "nll_beyond_noise": true
      },
      "blend_best_alpha": 1.0,
      "blend_best": {
        "rps": 0.19670703266198097,
        "nll": 0.9418465605537785,
        "brier": 0.557257601578199,
        "acc": 0.5625,
        "ece": 0.047281408103170004
      },
      "blend_minus_prod_rps": [
        -0.04010944649238694,
        -0.07206269118303901,
        -0.00783710152915788
      ],
      "blend_beyond_noise": true,
      "blend_grid": {
        "0.0": {
          "rps": 0.2368164791543679,
          "nll": 1.059054014442494,
          "brier": 0.6394915683408555,
          "acc": 0.484375,
          "ece": 0.08670291471518896
        },
        "0.1": {
          "rps": 0.2300757702195278,
          "nll": 1.039006087187176,
          "brier": 0.6255249649286047,
          "acc": 0.515625,
          "ece": 0.07060325853421691
        },
        "0.2": {
          "rps": 0.22394167557037686,
          "nll": 1.0211053201815958,
          "brier": 0.612834629679906,
          "acc": 0.515625,
          "ece": 0.10199370280962627
        },
        "0.3": {
          "rps": 0.2184141952069151,
          "nll": 1.0051434051747714,
          "brier": 0.6014205625947595,
          "acc": 0.515625,
          "ece": 0.13591006524124546
        },
        "0.4": {
          "rps": 0.21349332912914262,
          "nll": 0.9909746970802874,
          "brier": 0.5912827636731656,
          "acc": 0.53125,
          "ece": 0.07900946523172797
        },
        "0.5": {
          "rps": 0.20917907733705932,
          "nll": 0.9785043382309766,
          "brier": 0.5824212329151237,
          "acc": 0.53125,
          "ece": 0.06587895050998598
        },
        "0.6": {
          "rps": 0.20547143983066524,
          "nll": 0.9676831516117188,
          "brier": 0.5748359703206343,
          "acc": 0.53125,
          "ece": 0.08269111261264954
        },
        "0.7": {
          "rps": 0.20237041660996036,
          "nll": 0.9585087161488575,
          "brier": 0.5685269758896969,
          "acc": 0.546875,
          "ece": 0.06491566289539243
        },
        "0.8": {
          "rps": 0.19987600767494468,
          "nll": 0.9510343533257014,
          "brier": 0.5634942496223121,
          "acc": 0.5625,
          "ece": 0.04485149762755603
        },
        "0.9": {
          "rps": 0.19798821302561823,
          "nll": 0.945392010423449,
          "brier": 0.5597377915184794,
          "acc": 0.5625,
          "ece": 0.04852575239959023
        },
        "1.0": {
          "rps": 0.19670703266198097,
          "nll": 0.9418465605537785,
          "brier": 0.557257601578199,
          "acc": 0.5625,
          "ece": 0.047281408103170004
        }
      }
    },
    "2022": {
      "n": 64,
      "full_production": {
        "rps": 0.2306933713901813,
        "nll": 1.064498260074604,
        "brier": 0.6411734379954435,
        "acc": 0.5,
        "ece": 0.13109115883376649
      },
      "dc_only": {
        "rps": 0.23237009837129577,
        "nll": 1.0687874127531098,
        "brier": 0.6447916483877434,
        "acc": 0.484375,
        "ece": 0.17077279042464677
      },
      "market": {
        "rps": 0.20721261031115956,
        "nll": 0.998229660400973,
        "brier": 0.5833948371718098,
        "acc": 0.53125,
        "ece": 0.10140590531070015
      },
      "market_minus_prod": {
        "rps": [
          -0.02348076107902175,
          -0.05942667113879669,
          0.012983378148240677
        ],
        "nll": [
          -0.06626859967363104,
          -0.18062763959356093,
          0.0522812876580569
        ],
        "rps_beyond_noise": false,
        "nll_beyond_noise": false
      },
      "blend_best_alpha": 0.9,
      "blend_best": {
        "rps": 0.2066044593890345,
        "nll": 0.9928860222707,
        "brier": 0.5829709789475699,
        "acc": 0.53125,
        "ece": 0.11630290200246238
      },
      "blend_minus_prod_rps": [
        -0.024088912001146802,
        -0.05696525063326072,
        0.008785356345256467
      ],
      "blend_beyond_noise": false,
      "blend_grid": {
        "0.0": {
          "rps": 0.2306933713901813,
          "nll": 1.064498260074604,
          "brier": 0.6411734379954435,
          "acc": 0.5,
          "ece": 0.13109115883376649
        },
        "0.1": {
          "rps": 0.2253890682522519,
          "nll": 1.047970696424903,
          "brier": 0.6291938596064768,
          "acc": 0.484375,
          "ece": 0.1172474247796147
        },
        "0.2": {
          "rps": 0.22074170445432856,
          "nll": 1.0337133648656398,
          "brier": 0.6185924408411998,
          "acc": 0.5,
          "ece": 0.11798936607822857
        },
        "0.3": {
          "rps": 0.21675127999641125,
          "nll": 1.0215499346882106,
          "brier": 0.6093691816996123,
          "acc": 0.546875,
          "ece": 0.10168863157008971
        },
        "0.4": {
          "rps": 0.2134177948785,
          "nll": 1.011386480151681,
          "brier": 0.6015240821817145,
          "acc": 0.5625,
          "ece": 0.08250159794284118
        },
        "0.5": {
          "rps": 0.21074124910059477,
          "nll": 1.003200316108531,
          "brier": 0.5950571422875064,
          "acc": 0.5625,
          "ece": 0.08695893479381724
        },
        "0.6": {
          "rps": 0.2087216426626956,
          "nll": 0.9970418131517775,
          "brier": 0.5899683620169878,
          "acc": 0.53125,
          "ece": 0.09416091124151903
        },
        "0.7": {
          "rps": 0.20735897556480254,
          "nll": 0.993050859655116,
          "brier": 0.5862577413701588,
          "acc": 0.546875,
          "ece": 0.0731164895891599
        },
        "0.8": {
          "rps": 0.2066532478069155,
          "nll": 0.9914983401874621,
          "brier": 0.5839252803470195,
          "acc": 0.546875,
          "ece": 0.03868684651734504
        },
        "0.9": {
          "rps": 0.2066044593890345,
          "nll": 0.9928860222707,
          "brier": 0.5829709789475699,
          "acc": 0.53125,
          "ece": 0.11630290200246238
        },
        "1.0": {
          "rps": 0.20721261031115956,
          "nll": 0.998229660400973,
          "brier": 0.5833948371718098,
          "acc": 0.53125,
          "ece": 0.10140590531070015
        }
      }
    },
    "pooled": {
      "n": 128,
      "full_production": {
        "rps": 0.2337549252722746,
        "nll": 1.061776137258549,
        "brier": 0.6403325031681495,
        "acc": 0.4921875,
        "ece": 0.10889703677447772
      },
      "dc_only": {
        "rps": 0.234083948213408,
        "nll": 1.0627374445121291,
        "brier": 0.6413108689425104,
        "acc": 0.4765625,
        "ece": 0.09947708100865144
      },
      "market": {
        "rps": 0.20195982148657027,
        "nll": 0.9700381104773756,
        "brier": 0.5703262193750044,
        "acc": 0.546875,