{
  "requests_made": 39,
  "rate_limited_events": 0,
  "usable_matched": 356,
  "by_segment": {
    "AFCON": {
      "n": 100,
      "full_production": {
        "rps": 0.20731758024470767,
        "nll": 0.9927345541360265,
        "brier": 0.5928553263919997,
        "acc": 0.54,
        "ece": 0.07966078745274399
      },
      "market": {
        "rps": 0.19420376271339224,
        "nll": 0.9580918048647799,
        "brier": 0.5694650151749933,
        "acc": 0.55,
        "ece": 0.0436798823778978
      },
      "market_minus_prod_rps": [
        -0.013113817531315443,
        -0.025454561557410396,
        -0.00013025396419591044
      ],
      "market_minus_prod_nll": [
        -0.034642749271246616,
        -0.08079375776651751,
        0.013769511492175148
      ],
      "blend_best_alpha": 1.0,
      "blend_best": {
        "rps": 0.19420376271339224,
        "nll": 0.9580918048647799,
        "brier": 0.5694650151749933,
        "acc": 0.55,
        "ece": 0.0436798823778978
      },
      "blend_minus_prod_rps": [
        -0.013113817531315443,
        -0.025454561557410396,
        -0.00013025396419591044
      ]
    },
    "Asian Cup": {
      "n": 44,
      "full_production": {
        "rps": 0.21239812867144495,
        "nll": 0.9594752303883538,
        "brier": 0.5693544269983523,
        "acc": 0.5454545454545454,
        "ece": 0.1083511414049714
      },
      "market": {
        "rps": 0.1575390393145701,
        "nll": 0.7913428396990252,
        "brier": 0.4491354415549081,
        "acc": 0.6590909090909091,
        "ece": 0.14244861741343212
      },
      "market_minus_prod_rps": [
        -0.05485908935687487,
        -0.08493814843141091,
        -0.022518106573845748
      ],
      "market_minus_prod_nll": [
        -0.1681323906893286,
        -0.2574330801395476,
        -0.06511453240114667
      ],
      "blend_best_alpha": 1.0,
      "blend_best": {
        "rps": 0.1575390393145701,
        "nll": 0.7913428396990252,
        "brier": 0.4491354415549081,
        "acc": 0.6590909090909091,
        "ece": 0.14244861741343212
      },
      "blend_minus_prod_rps": [
        -0.05485908935687487,
        -0.08493814843141091,
        -0.022518106573845748
      ]
    },
    "Copa America": {
      "n": 33,
      "full_production": {
        "rps": 0.16922350566587632,
        "nll": 0.9945063647206573,
        "brier": 0.5978712876497304,
        "acc": 0.5151515151515151,
        "ece": 0.2055721302893068
      },
      "market": {
        "rps": 0.1381740072356002,
        "nll": 0.8656652762875596,
        "brier": 0.5213791604605642,
        "acc": 0.5757575757575758,
        "ece": 0.10415962518330181
      },
      "market_minus_prod_rps": [
        -0.031049498430276146,
        -0.066918688572874,
        0.0017770364180067517
      ],
      "market_minus_prod_nll": [
        -0.12884108843309786,
        -0.23677584209882943,
        -0.02662335111620406
      ],
      "blend_best_alpha": 1.0,
      "blend_best": {
        "rps": 0.1381740072356002,
        "nll": 0.8656652762875596,
        "brier": 0.5213791604605642,
        "acc": 0.5757575757575758,
        "ece": 0.10415962518330181
      },
      "blend_minus_prod_rps": [
        -0.031049498430276146,
        -0.066918688572874,
        0.0017770364180067517
      ]
    },
    "Euro": {
      "n": 51,
      "full_production": {
        "rps": 0.19082503129031592,
        "nll": 0.94981762192098,
        "brier": 0.5628803820741,
        "acc": 0.6078431372549019,
        "ece": 0.16519797037288894
      },
      "market": {
        "rps": 0.18634085956535615,
        "nll": 0.9490606285362867,
        "brier": 0.5652798258960615,
        "acc": 0.6078431372549019,
        "ece": 0.22551988706115839
      },
      "market_minus_prod_rps": [
        -0.004484171724959771,
        -0.0223605457064705,
        0.013479238951259537
      ],
      "market_minus_prod_nll": [
        -0.0007569933846937006,
        -0.06137989880188963,
        0.06402677099640117
      ],
      "blend_best_alpha": 0.8,
      "blend_best": {
        "rps": 0.18593143415822802,
        "nll": 0.9448147235900466,
        "brier": 0.5618940705220894,
        "acc": 0.6078431372549019,
        "ece": 0.1914955395869256
      },
      "blend_minus_prod_rps": [
        -0.004893597132087879,
        -0.019312082429866904,
        0.009483391045977565
      ]
    },
    "World Cup": {
      "n": 128,
      "full_production": {
        "rps": 0.2337549252722746,
        "nll": 1.061776137258549,
        "brier": 0.6403325031681495,
        "acc": 0.4921875,
        "ece": 0.10889703677447772
      },
      "market": {
        "rps": 0.20195982148657027,
        "nll": 0.9700381104773756,
        "brier": 0.5703262193750044,
        "acc": 0.546875,
        "ece": 0.046909501217683225
      },
      "market_minus_prod_rps": [
        -0.03179510378570435,
        -0.055178727312396064,
        -0.007216684323737173
      ],
      "market_minus_prod_nll": [
        -0.0917380267811734,
        -0.16649455599238364,
        -0.012260873903235764
      ],
      "blend_best_alpha": 1.0,
      "blend_best": {
        "rps": 0.20195982148657027,
        "nll": 0.9700381104773756,
        "brier": 0.5703262193750044,
        "acc": 0.546875,
        "ece": 0.046909501217683225
      },
      "blend_minus_prod_rps": [
        -0.03179510378570435,
        -0.055178727312396064,
        -0.007216684323737173
      ]
    },
    "pooled_ALL": {
      "n": 356,
      "full_production": {
        "rps": 0.21155718652709413,
        "nll": 1.0074638198694836,
        "brier": 0.6031919657608731,
        "acc": 0.5308988764044944,
        "ece": 0.06988612059000804
      },
      "market": {
        "rps": 0.1861406663709811,
        "nll": 0.9319162633347732,
        "brier": 0.549845506859027,
        "acc": 0.5730337078651685,
        "ece": 0.049579485341444865
      },
      "market_minus_prod_rps": [
        -0.025416520156113082,
        -0.03622018021562667,
        -0.014819947758647985
      ],
      "market_minus_prod_nll": [
        -0.07554755653471044,
        -0.10962339246041546,
        -0.040031059072807615
      ],
      "blend_best_alpha": 1.0,
      "blend_best": {
        "rps": 0.1861406663709811,
        "nll": 0.9319162633347732,
        "brier": 0.549845506859027,
        "acc": 0.5730337078651685,
        "ece": 0.049579485341444865
      },
      "blend_minus_prod_rps": [
        -0.025416520156113082,
        -0.03622018021562667,
        -0.014819947758647985
      ]
    },
    "pooled_nonWC": {
      "n": 228,
      "full_production": {
        "rps": 0.1990952981087472,
        "nll": 0.9769726943177276,
        "brier": 0.5823411377427529,
        "acc": 0.5526315789473685,
        "ece": 0.08337598770158475
      },
      "market": {
        "rps": 0.17725973718328192,
        "nll": 0.910514524588049,
        "brier": 0.5383475629904081,
        "acc": 0.5877192982456141,
        "ece": 0.056852810864902716
      },
      "market_minus_prod_rps": [
        -0.021835560925465354,
        -0.032362224150120855,
        -0.010837747909083413
      ],
      "market_minus_prod_nll": [
        -0.06645816972967863,
        -0.101769154170555,
        -0.028983050219586977
      ],
      "blend_best_alpha": 1.0,
      "blend_best": {
        "rps": 0.17725973718328192,
        "nll": 0.910514524588049,
        "brier": 0.5383475629904081,
        "acc": 0.5877192982456141,
        "ece": 0.056852810864902716
      },
      "blend_minus_prod_rps": [
        -0.021835560925465354,
        -0.032362224150120855,
        -0.010837747909083413
      ]
    },
    "pooled_WC": {
      "n": 128,
      "full_production": {
        "rps": 0.2337549252722746,
        "nll": 1.061776137258549,
        "brier": 0.6403325031681495,
        "acc": 0.4921875,
        "ece": 0.10889703677447772
      },
      "market": {
        "rps": 0.20195982148657027,