{
  "counts": {
    "total": 188,
    "usable_1x2": 128
  },
  "by_segment": {
    "2018": {
      "n": 64,
      "market_only": {
        "rps": 0.19670703266198097,
        "nll": 0.9418465605537785,
        "brier": 0.557257601578199,
        "acc": 0.5625
      },
      "matched_model_n": 64,
      "frozen_model": {
        "rps": 0.23579779805552023,
        "nll": 1.0566874762711491,
        "brier": 0.6378300894972777,
        "acc": 0.46875
      },
      "market_on_matched": {
        "rps": 0.19670703266198097,
        "nll": 0.9418465605537785,
        "brier": 0.557257601578199,
        "acc": 0.5625
      },
      "market_minus_model": {
        "rps_delta": -0.039090765393539256,
        "rps_ci": [
          -0.0704641855131323,
          -0.00696667492604902
        ],
        "rps_beats_beyond_noise": true,
        "nll_delta": -0.11484091571737073,
        "nll_ci": [
          -0.2133141168433718,
          -0.010796914252977567
        ],
        "nll_beats_beyond_noise": true
      },
      "blend_best_alpha": 1.0,
      "blend_best": {
        "rps": 0.19670703266198097,
        "nll": 0.9418465605537785,
        "brier": 0.557257601578199
      },
      "blend_grid": {
        "0.0": {
          "rps": 0.23579779805552023,
          "nll": 1.0566874762711491,
          "brier": 0.6378300894972777
        },
        "0.1": {
          "rps": 0.22907732928680868,
          "nll": 1.0368399715170837,
          "brier": 0.6238529811632321
        },
        "0.2": {
          "rps": 0.22298161434684327,
          "nll": 1.019113762862254,
          "brier": 0.6111913971718838
        },
        "0.3": {
          "rps": 0.217510653235624,
          "nll": 1.0033152809911385,
          "brier": 0.5998453375232327
        },
        "0.4": {
          "rps": 0.21266444595315082,
          "nll": 0.9893097883536645,
          "brier": 0.5898148022172789
        },
        "0.5": {
          "rps": 0.20844299249942383,
          "nll": 0.977011709607927,
          "brier": 0.5810997912540223
        },
        "0.6": {
          "rps": 0.204846292874443,
          "nll": 0.9663812418373479,
          "brier": 0.5737003046334633
        },
        "0.7": {
          "rps": 0.20187434707820828,
          "nll": 0.9574273432221123,
          "brier": 0.5676163423556013
        },
        "0.8": {
          "rps": 0.19952715511071972,
          "nll": 0.9502198104483132,
          "brier": 0.5628479044204366
        },
        "0.9": {
          "rps": 0.19780471697197727,
          "nll": 0.9449187634132419,
          "brier": 0.5593949908279692
        },
        "1.0": {
          "rps": 0.19670703266198097,
          "nll": 0.9418465605537785,
          "brier": 0.557257601578199
        }
      }
    },
    "2022": {
      "n": 64,
      "market_only": {
        "rps": 0.20721261031115956,
        "nll": 0.998229660400973,
        "brier": 0.5833948371718098,
        "acc": 0.53125
      },
      "matched_model_n": 64,
      "frozen_model": {
        "rps": 0.23237009837129577,
        "nll": 1.0687874127531098,
        "brier": 0.6447916483877434,
        "acc": 0.484375
      },
      "market_on_matched": {
        "rps": 0.20721261031115956,
        "nll": 0.998229660400973,
        "brier": 0.5833948371718098,
        "acc": 0.53125
      },
      "market_minus_model": {
        "rps_delta": -0.025157488060136218,
        "rps_ci": [
          -0.0620198509626775,
          0.01268889034503469
        ],
        "rps_beats_beyond_noise": false,
        "nll_delta": -0.0705577523521366,
        "nll_ci": [
          -0.1876617235994187,
          0.05128714868526066
        ],
        "nll_beats_beyond_noise": false
      },
      "blend_best_alpha": 0.9,
      "blend_best": {
        "rps": 0.20660839848786408,
        "nll": 0.992463469979632,
        "brier": 0.5829848236917737
      },
      "blend_grid": {
        "0.0": {
          "rps": 0.23237009837129577,
          "nll": 1.0687874127531098,
          "brier": 0.6447916483877434
        },
        "0.1": {
          "rps": 0.22673438893597309,
          "nll": 1.0512663809407974,
          "brier": 0.6321022726645205
        },
        "0.2": {
          "rps": 0.22179200408494126,
          "nll": 1.0361306748065635,
          "brier": 0.6208683846305488
        },
        "0.3": {
          "rps": 0.21754294381820038,
          "nll": 1.0232013487825036,
          "brier": 0.6110899842858282
        },
        "0.4": {
          "rps": 0.2139872081357504,
          "nll": 1.012381958559329,
          "brier": 0.6027670716303583
        },
        "0.5": {
          "rps": 0.21112479703759135,
          "nll": 1.003649234157271,
          "brier": 0.5958996466641394
        },
        "0.6": {
          "rps": 0.20895571052372316,
          "nll": 0.9970566801505402,
          "brier": 0.5904877093871715
        },
        "0.7": {
          "rps": 0.2074799485941459,
          "nll": 0.9927540845829277,
          "brier": 0.5865312597994546
        },
        "0.8": {
          "rps": 0.20669751124885954,
          "nll": 0.9910361481724201,
          "brier": 0.5840302979009887
        },
        "0.9": {
          "rps": 0.20660839848786408,
          "nll": 0.992463469979632,
          "brier": 0.5829848236917737
        },
        "1.0": {
          "rps": 0.20721261031115956,
          "nll": 0.998229660400973,
          "brier": 0.5833948371718098
        }
      }
    },
    "pooled_2018_2022": {
      "n": 128,
      "market_only": {
        "rps": 0.20195982148657027,
        "nll": 0.9700381104773756,
        "brier": 0.5703262193750044,
        "acc": 0.546875
      },
      "matched_model_n": 128,
      "frozen_model": {
        "rps": 0.234083948213408,
        "nll": 1.0627374445121291,
        "brier": 0.6413108689425104,
        "acc": 0.4765625
      },
      "market_on_matched": {
        "rps": 0.20195982148657027,
        "nll": 0.9700381104773756,
        "brier": 0.5703262193750044,
        "acc": 0.546875
      },
      "market_minus_model": {
        "rps_delta": -0.03212412672683774,
        "rps_ci": [
          -0.055871727784163654,
          -0.007024949952576118
        ],
        "rps_beats_beyond_noise": true,
        "nll_delta": -0.09269933403475365,
        "nll_ci": [
          -0.16896759592623,
          -0.0118879963651379
        ],
        "nll_beats_beyond_noise": true
      },
      "blend_best_alpha": 1.0,
      "blend_best": {
        "rps": 0.20195982148657027,
        "nll": 0.9700381104773756,
        "brier": 0.5703262193750044
      },
      "blend_grid": {
        "0.0": {
          "rps": 0.234083948213408,
          "nll": 1.0627374445121291,
          "brier": 0.6413108689425104
        },
        "0.1": {
          "rps": 0.22790585911139088,
          "nll": 1.0440531762289404,
          "brier": 0.6279776269138763
        },
        "0.2": {
          "rps": 0.22238680921589227,
          "nll": 1.0276222188344086,
          "brier": 0.6160298909012163
        },
        "0.3": {
          "rps": 0.21752679852691217,
          "nll": 1.013258314886821,
          "brier": 0.6054676609045304
        },
        "0.4": {
          "rps": 0.21332582704445063,
          "nll": 1.0008458734564967,
          "brier": 0.5962909369238186
        },
        "0.5": {
          "rps": 0.2097838947685076,
          "nll": 0.990330471882599,
          "brier": 0.588499718959081
        },
        "0.6": {
          "rps": 0.2069010016990831,
          "nll": 0.9817189609939441,
          "brier": 0.5820940070103174
        },
        "0.7": {
          "rps": 0.20467714783617708,
          "nll": 0.97509071390252,
          "brier": 0.577073801077528
        },
        "0.8": {
          "rps": 0.2031123331797896,
          "nll": 0.9706279793103667,
          "brier": 0.5734391011607127
        },
        "0.9": {
          "rps": 0.2022065577299207,
          "nll": 0.9686911166964369,