{
  "log_base": 0.226934,
  "base_xg": 1.2547,
  "beta_elo": 0.543593,
  "rho": -0.021007,
  "final_nll": 3.047414,
  "converged": true,
  "n_train_matches": 10555,
  "fit_date": "2026-06-09",
  "fit_dataset": "martj42 competitive 2010-2025",
  "team_elos": {
    "ESP": 2155.0,
    "FRA": 2062.0,
    "ARG": 2114.0,
    "BRA": 1991.0,
    "ENG": 2021.0,
    "POR": 1986.0,
    "GER": 1932.0,
    "NED": 1944.0,
    "BEL": 1893.0,
    "JPN": 1906.0,
    "SEN": 1867.0,
    "MAR": 1827.0,
    "COL": 1982.0,
    "URU": 1892.0,
    "NOR": 1914.0,
    "CRO": 1911.0,
    "SUI": 1891.0,
    "AUT": 1830.0,
    "MEX": 1875.0,
    "USA": 1726.0,
    "ECU": 1938.0,
    "SWE": 1712.0,
    "ALG": 1760.0,
    "PAR": 1833.0,
    "TUN": 1628.0,
    "IRN": 1772.0,
    "AUS": 1777.0,
    "SCO": 1782.0,
    "TUR": 1911.0,
    "KOR": 1758.0,
    "EGY": 1696.0,
    "CZE": 1740.0,
    "CIV": 1695.0,
    "BIH": 1595.0,
    "GHA": 1510.0,
    "PAN": 1730.0,
    "QAT": 1421.0,
    "IRQ": 1618.0,
    "KSA": 1569.0,
    "RSA": 1518.0,
    "UZB": 1718.0,
    "JOR": 1680.0,
    "CPV": 1578.0,
    "NZL": 1562.0,
    "CUW": 1434.0,
    "HAI": 1548.0,
    "COD": 1661.0,
    "CAN": 1788.0
  },
  "note": "P3.5 temperature-corrected. Original beta_elo=0.988 over-concentrated (top3=66%). beta_mul=0.55 brings top3 to 42% (historical reference 36%). P2.5 production gate: BORDERLINE_EXPERIMENTAL for full hybrid. Elo backbone ECE=0.0170 (better than hybrid 0.0199).",
  "temperature_mul": 0.55,
  "original_beta_elo": 0.988351
}